productId,제목,가격,개수,용량(ml),타겟,URL,평점,리뷰수,향/냄새 만족도(%),지속력 만족도(%)
84195356355, 딥디크 플레르드뽀 오드퍼퓸,178000,1,75,공용,https://smartstore.naver.com/main/products/6650856033,4.92,1877.0,80.0,65.0
82243246039,떼시스 블랑쉬 니치향수 코튼 비누향 베이비파우더 명품 수제 승무원 살냄새 오드퍼퓸,10000,1,30,여성,https://smartstore.naver.com/main/products/4698725205,4.69,35165.0,55.0,57.0
83879217159, 딥디크 오르페옹 오드퍼퓸,181000,1,75,공용,https://smartstore.naver.com/main/products/6334714670,4.94,687.0,82.0,68.0
89243673097,디올 소바쥬 오 드 퍼퓸,122800,1,100,남성,https://smartstore.naver.com/main/products/11699162630,4.63,30.0,74.0,57.0
83103411378,포맨트 포맨 시그니처 퍼퓸 코튼허그  블랙 향수,33990,1,50,남성,https://smartstore.naver.com/main/products/5558915513,4.8,2102.0,69.0,56.0
12256260359,캘빈클라인 CK ONE 향수 오드뚜왈렛 EDT,33800,1,100,공용,https://smartstore.naver.com/main/products/2174933320,4.76,17153.0,61.0,56.0
81562944077,존바바토스 향수 아티산 오드뚜왈렛 EDT,37900,1,75,남성,https://smartstore.naver.com/main/products/4018423684,4.73,12863.0,59.0,57.0
87362894279,춘몽 비누향 살냄새 향수 도플 퍼퓸 플레르드뽀,10900,1,10,공용,https://smartstore.naver.com/main/products/9818392006,4.79,7238.0,68.0,52.0
81486364332,캘빈클라인 향수 CK ONE 오드뚜왈렛 EDT,49800,1,200,공용,https://smartstore.naver.com/main/products/3941844296,4.8,2698.0,67.0,54.0
89213442208, 샤넬 NEW 샹스 오 스플렌디드 오드빠르펭,206000,1,50,여성,https://smartstore.naver.com/main/products/11668931741,5.0,10.0,90.0,70.0
83733231479,뭉클 프리지아 니치 향수 명품 수제 미니어처 휴대용 퍼퓸 (샘플 시향 향수 아님),3900,1,5,여성,https://smartstore.naver.com/main/products/6188731902,4.77,25836.0,57.0,54.0
87443852368, 다니엘트루스 밤쉘 오일 퍼퓸,39000,1,10,공용,https://smartstore.naver.com/main/products/9899350095,4.86,49.0,78.0,64.0
81404701276,버버리 위크앤드 포맨 오드뚜왈렛 EDT,45900,1,100,남성,https://smartstore.naver.com/main/products/3860181270,4.78,3376.0,62.0,57.0
87714024751,클린 웜코튼 향수 오드퍼퓸 EDP  올리브영 비누향,38000,1,60,공용,https://smartstore.naver.com/main/products/10169521409,4.88,241.0,74.0,52.0
11416001184,끌로에 향수 우먼 오드퍼퓸 EDP,84900,1,50,여성,https://smartstore.naver.com/main/products/735973670,4.75,2521.0,64.0,55.0
80914326181,로얄워터 블랑쉬 코튼 비누향 베이비파우더 살냄새 수제 승무원 엑스트레 드 퍼퓸,35000,1,30,여성,https://smartstore.naver.com/main/products/3370895800,4.66,47385.0,53.0,57.0
82203873495,로제르 블랑쉬 니치향수 오드퍼퓸  지속력좋은 비누향 명품 수제 승무원 코튼,29900,2,30,여성,https://smartstore.naver.com/main/products/4659352966,4.75,8890.0,62.0,50.0
81408557777,랑방 향수 에끌라 드 아르페쥬 우먼 오드퍼퓸 EDP,49800,1,100,여성,https://smartstore.naver.com/main/products/3864037764,4.7,10645.0,61.0,57.0
11698783949,제니퍼로페즈 향수 글로우바이제이로 오드뚜왈렛 EDT,42900,1,100,여성,https://smartstore.naver.com/main/products/2018011629,4.79,3146.0,66.0,53.0
12937797584,랑방 향수 모던 프린세스 오드퍼퓸 EDP,27700,1,30,여성,https://smartstore.naver.com/main/products/2355201266,4.82,1492.0,65.0,52.0
11531982836,에르메스 향수 떼르 데르메스 오드뚜왈렛 EDT,129800,1,100,남성,https://smartstore.naver.com/main/products/759260916,4.83,358.0,69.0,57.0
88405797397,탬버린즈 에그 퍼퓸 카모,45800,1,14,공용,https://smartstore.naver.com/main/products/10861291384,4.9,949.0,77.0,50.0
83955683813,입생로랑 향수 리브르 오드빠르펭 EDP,187900,1,90,여성,https://smartstore.naver.com/main/products/6411183480,4.88,461.0,78.0,69.0
89093935176,샤넬 코코 마드모아젤 향수 오드빠르펭,159800,1,100,여성,https://smartstore.naver.com/main/products/11549424769,4.65,17.0,65.0,53.0
88527998033, NEW 디올 미스디올 블루밍 부케 오드 뚜왈렛,85900,1,30,여성,https://smartstore.naver.com/main/products/10983491980,4.84,154.0,73.0,53.0
81101157328,클린 웜코튼 향수 오드퍼퓸 EDP,23800,1,30,공용,https://smartstore.naver.com/main/products/3556639994,4.76,10071.0,64.0,53.0
81467235527,지미추 우먼 향수 오드뚜왈렛 EDT,52900,1,100,여성,https://smartstore.naver.com/main/products/3922715491,4.72,2912.0,64.0,57.0
84156694025,에르메스 향수 운 자르뎅 수르닐 오드뚜왈렛 EDT,68900,1,30,여성,https://smartstore.naver.com/main/products/6612193703,4.77,91.0,66.0,54.0
84809597314,몽블랑 향수 익스플로러 오드퍼퓸 EDP,69800,1,100,남성,https://smartstore.naver.com/main/products/7265096992,4.77,99.0,74.0,59.0
80585563592,돌체앤가바나 향수 라이트블루 오드뚜왈렛 EDT,43900,1,25,여성,https://smartstore.naver.com/main/products/3087819344,4.78,3077.0,68.0,57.0
82338087064,베르사체 에로스 오드뚜왈렛 EDT,56000,1,100,남성,https://smartstore.naver.com/main/products/4793564567,4.83,2043.0,66.0,57.0
81803739367,랑방 향수 에끌라 드 아르페쥬 우먼 오드퍼퓸 EDP,47500,1,100,여성,https://smartstore.naver.com/main/products/4259217795,4.73,19916.0,62.0,54.0
86910069685, 딥디크 플레르드뽀 오드퍼퓸  선물포장,177500,1,75,공용,https://smartstore.naver.com/main/products/9365569362,4.85,310.0,79.0,64.0
85595197119,인텐스 니치향수  5종 미니 타입 카피 재현 명품 듀프 향수 시향 미니어처 쇼핑몰,20000,1,2,여성,https://smartstore.naver.com/main/products/8050696796,4.9,2886.0,70.0,50.0
84623309123,돌체앤가바나 향수 라이트블루 오드뚜왈렛 EDT,86500,1,100,여성,https://smartstore.naver.com/main/products/7078808801,4.87,832.0,77.0,49.0
85438352111,(백화점제품)AESOP 이솝 테싯 오 드 퍼퓸 향수,119000,1,50,공용,https://smartstore.naver.com/main/products/7893851788,4.91,296.0,77.0,45.0
89152979395,샤넬 블루 드 샤넬 빠르펭,149000,1,100,남성,https://smartstore.naver.com/main/products/11608468989,5.0,13.0,93.0,77.0
11688594234,존바바토스 향수 아티산 오드뚜왈렛 EDT,59000,1,125,남성,https://smartstore.naver.com/main/products/2016291978,4.79,3775.0,71.0,49.0
88468432054,킬리안 엔젤스 쉐어 오드 퍼퓸,275000,1,50,여성,https://smartstore.naver.com/main/products/10923926019,4.93,67.0,80.0,63.0
89070869164,샤넬 알뤼르 옴므 스포츠 오드뚜왈렛,121900,1,100,남성,https://smartstore.naver.com/main/products/11526358758,4.55,11.0,82.0,55.0
86895006540, 불리 이리드말트 퍼퓸  (목욕하는 여인 재출시),159000,1,75,공용,https://smartstore.naver.com/main/products/9350506217,4.94,196.0,78.0,41.0
88283269592, 리뉴얼 2025 NEW 디올 자도르 향수 오드퍼퓸  쟈도르,109700,1,30,여성,https://smartstore.naver.com/main/products/10738763670,5.0,9.0,78.0,78.0
83839261335,버버리 브릿 쉬어 버버리 향수 오드뚜왈렛 EDT,58400,1,100,여성,https://smartstore.naver.com/main/products/6294758846,4.85,355.0,67.0,56.0
80593494218,존바바토스 향수 아티산 오드뚜왈렛 EDT  백화점용 올리브영,51500,1,125,남성,https://smartstore.naver.com/main/products/3095749970,4.74,6912.0,61.0,57.0
13085131147,페라리 향수 라이트 에센스 오드뚜왈렛 EDT,114900,1,125,공용,https://smartstore.naver.com/main/products/2383412799,4.86,1414.0,73.0,50.0
81178301366,몽블랑 향수 레전드 오드뚜왈렛 EDT,48300,1,100,남성,https://smartstore.naver.com/main/products/3633783799,4.77,6441.0,62.0,51.0
81047014920,존바바토스 향수 아티산 퓨어 오드뚜왈렛 EDT,37900,1,75,남성,https://smartstore.naver.com/main/products/3502497724,4.76,1766.0,68.0,56.0
82659293460,유쏘풀 니치향수  세인트모리츠 은은한 20대여성향수,58000,1,50,여성,https://smartstore.naver.com/main/products/5114773138,4.88,7140.0,79.0,51.0
80040305950,르빠 로 겐조 뿌르옴므 오드뚜왈렛 EDT,48900,1,100,남성,https://smartstore.naver.com/main/products/2542562420,4.77,3058.0,64.0,57.0
89275498202,알파무드 알파메일 옴므 퍼퓸 리치앤위스키,39100,1,50,남성,https://smartstore.naver.com/main/products/11730987703,4.64,45.0,54.0,52.0
83855047296,입생로랑 향수 몽파리 오드 빠르펭 EDP,189000,1,90,여성,https://smartstore.naver.com/main/products/6310544807,4.9,282.0,78.0,66.0
11597138751,몽블랑 향수 레전드 오드뚜왈렛 EDT,49800,1,100,남성,https://smartstore.naver.com/main/products/2002276471,4.77,3031.0,64.0,53.0
84645611777,포 허 오 드 퍼퓸 퓨어 머스크 (/50ml),84000,1,30,여성,https://smartstore.naver.com/main/products/7101111455,4.85,233.0,77.0,58.0
86242777501, 블루 드 샤넬 오드 빠르펭 퍼퓸 향수,200800,1,100,남성,https://smartstore.naver.com/main/products/8698277178,4.87,371.0,81.0,67.0
85404055588,메종마르지엘라 레플리카 재즈 클럽 EDT,126500,1,100,공용,https://smartstore.naver.com/main/products/7859555265,4.87,95.0,78.0,65.0
89333061478,포맨트 시그니처 퍼퓸 헬로키티 에디션 코튼메모리 코튼허그,35900,1,50,여성,https://smartstore.naver.com/main/products/11788550891,5.0,2.0,100.0,100.0
85456826569,톰포드 블랙 오키드 오드퍼퓸 EDP,149800,1,50,여성,https://smartstore.naver.com/main/products/7912326246,4.83,42.0,86.0,79.0
83739418380,뭉클 블랑쉬 니치 향수 비누향,11900,1,30,여성,https://smartstore.naver.com/main/products/6194918803,4.79,6153.0,64.0,50.0
84655752044,캘빈클라인 CK BE 향수 오드뚜왈렛 EDT,27400,1,100,공용,https://smartstore.naver.com/main/products/7111251722,4.73,844.0,65.0,50.0
82565345041,딥디크 도손 오드뚜왈렛,196900,1,100,공용,https://smartstore.naver.com/main/products/5020824192,4.84,2037.0,63.0,53.0
83434617187, 톰포드 오드 우드 오드퍼퓸,250000,1,50,공용,https://smartstore.naver.com/main/products/5890117773,4.87,15.0,60.0,67.0
86042739335, 디올 소바쥬 오 드 뚜왈렛 향수,114000,1,60,남성,https://smartstore.naver.com/main/products/8498239012,4.85,156.0,69.0,58.0
83990575973,에르메스 향수 트윌리 데르메스 오 프와브레 오드퍼퓸 EDP,86900,1,50,여성,https://smartstore.naver.com/main/products/6446075640,4.67,48.0,57.0,53.0
12432326477,랑방 향수 메리미 우먼 오드퍼퓸 EDP,37400,1,75,여성,https://smartstore.naver.com/main/products/2219997206,4.74,1978.0,67.0,54.0
83839344207,버버리 향수 위크앤드 우먼 오드퍼퓸 EDP,54000,1,100,여성,https://smartstore.naver.com/main/products/6294841718,4.79,363.0,67.0,50.0
80189051369,버버리 터치 포맨 오드뚜왈렛 EDT,48800,1,100,남성,https://smartstore.naver.com/main/products/2691307622,4.79,5859.0,60.0,53.0
82523683973,미스 디올 EDP 향수  / 미니향수 미니어처향수 휴대용,3500,1,1,여성,https://smartstore.naver.com/main/products/4979163568,4.8,172.0,62.0,54.0
82769713111,떼시스 라튤립 은은한 플로럴 생화향 쇼핑몰 니치향수 오드퍼퓸,10000,1,30,여성,https://smartstore.naver.com/main/products/5225190874,4.75,641.0,59.0,52.0
82840948024,알마프 클럽 드 누잇 인텐스 맨  어벤투스 듀프 대체향수 클론향수,60000,1,105,남성,https://smartstore.naver.com/main/products/5296455773,4.69,335.0,63.0,53.0
86428260663,언더더파고라 향수 디스커버리 트라이얼 향수,3500,1,2,여성,https://smartstore.naver.com/main/products/8883760340,4.76,716.0,62.0,52.0
87608350139,912 클론 니치향수 블랙베리 앤 베이 EDP  지속력좋은 여자 향수 은은한 우디 프루티 승무원 살냄새 명품 타입,12900,1,40,여성,https://smartstore.naver.com/main/products/10063847515,4.83,818.0,75.0,68.0
12824388367,(신세계 강남점)바카라 루쥬 540 엑스트레 드 퍼퓸,530100,1,70,여성,https://smartstore.naver.com/main/products/2162071101,4.92,25.0,80.0,76.0
84908181752,메종 마르지엘라 레플리카 레이지 선데이 모닝 오드뚜왈렛 EDT,138700,1,100,공용,https://smartstore.naver.com/main/products/7363681430,4.89,175.0,79.0,51.0
13342169464,존바바토스 향수 아티산 블루 오드뚜왈렛 EDT,37900,1,75,남성,https://smartstore.naver.com/main/products/2450859892,4.81,3813.0,62.0,50.0
80655531826,베르사체 향수 브라이트 크리스탈 오드뚜왈렛 EDT,34000,1,30,여성,https://smartstore.naver.com/main/products/3157787497,4.73,736.0,64.0,52.0
84391676364,지미추 우먼 향수 오드뚜왈렛 EDT,52400,1,100,여성,https://smartstore.naver.com/main/products/6847176042,4.83,519.0,75.0,55.0
89123208476,딥디크 플레르드뽀 EDP 오드 퍼퓸,158470,1,75,공용,https://smartstore.naver.com/main/products/11578698070,4.96,27.0,89.0,82.0
12193583639,랑방 향수 루머2 로즈 우먼 오드퍼퓸 EDP,36100,1,100,여성,https://smartstore.naver.com/main/products/2160773511,4.75,948.0,65.0,49.0
11933607386,디스센스 프리지아 비누향 승무원 베이비파우더 살냄새 재현 니치향수,39900,1,30,여성,https://smartstore.naver.com/main/products/2081439252,4.63,4068.0,60.0,53.0
88083210036,에이센트 디스커버리 퍼퓸 미니향수 세트  x 3종,1000,1,2,공용,https://smartstore.naver.com/main/products/10538704553,4.8,847.0,65.0,55.0
83457128464,피렌체 1221 에디션 오드코롱  12종 택1,199500,1,100,여성,https://smartstore.naver.com/main/products/5912628976,4.88,466.0,78.0,46.0
13112563098,제니퍼로페즈 글로우 바이 제이로 EDT,43500,1,100,여성,https://smartstore.naver.com/main/products/2394268798,4.68,44.0,62.0,55.0
89305402681,조르지오 아르마니 프리베 향수 베르 말라키트 오드퍼퓸  손석구향수 국내배송,248900,1,100,여성,https://smartstore.naver.com/main/products/11760892094,,,,
82504505402,지미추 로 향수 오드뚜왈렛 EDT,31500,1,40,여성,https://smartstore.naver.com/main/products/4959985192,4.79,258.0,66.0,52.0
80539418393,다비도프 향수 쿨워터 맨 오드뚜왈렛 EDT,39800,1,125,남성,https://smartstore.naver.com/main/products/3041674287,4.82,1906.0,69.0,48.0
89379956103, 몽블랑 향수 익스플로러 오드퍼퓸 EDP,67800,1,100,남성,https://smartstore.naver.com/main/products/11835445509,4.5,4.0,50.0,75.0
82950943705,몽블랑 향수 익스플로러 오드퍼퓸 EDP,67800,1,100,남성,https://smartstore.naver.com/main/products/5406450025,4.81,185.0,67.0,60.0
11849073125,버버리 위크앤드 포맨 오드뚜왈렛 EDT,43700,1,100,남성,https://smartstore.naver.com/main/products/2056237148,4.8,2109.0,67.0,52.0
85781781771,생화 장미향수 오드퍼퓸 로즈 니치향수  백화점 명품 생장미향 향수 로즈온어플래닛,55000,1,50,여성,https://smartstore.naver.com/main/products/8237281448,4.84,62.0,78.0,60.0
82229752329,랑방 향수 메리미 우먼 오드퍼퓸 EDP,29800,1,75,여성,https://smartstore.naver.com/main/products/4685231611,4.66,122.0,60.0,54.0
82500167441,클린 웜코튼 향수 오드퍼퓸 EDP,27700,1,30,공용,https://smartstore.naver.com/main/products/4955647233,4.77,3907.0,62.0,52.0
81289452460,나르시소 향수 로드리게즈 포 허 오드퍼퓸 EDP,58000,1,30,여성,https://smartstore.naver.com/main/products/3744934498,4.63,152.0,75.0,58.0
80600801765,파코라반 원밀리언 오드뚜왈렛 EDT,114800,1,100,남성,https://smartstore.naver.com/main/products/3103057517,4.79,2422.0,69.0,64.0
89266131218, 샤넬 샹스 오 스플렌디드 오 드 빠르펭 여성 향수,191000,1,50,여성,https://smartstore.naver.com/main/products/11721620719,4.91,11.0,91.0,91.0
82229775978,제니퍼로페즈 향수 글로우바이제이로 오드뚜왈렛 EDT,49900,1,100,여성,https://smartstore.naver.com/main/products/4685255260,4.76,63.0,67.0,48.0
82718118105,입생로랑 향수 리브르 오드 빠르펭 EDP,109000,1,30,여성,https://smartstore.naver.com/main/products/5173596961,4.86,702.0,70.0,64.0
83222641015,산타마리아노벨라 프리지아 향수,139990,1,100,여성,https://smartstore.naver.com/main/products/5678143412,4.8,601.0,68.0,47.0
83914159268,아리아나그란데 향수 아리 바이 아리아나그란데 오드퍼퓸 EDP,55400,1,100,여성,https://smartstore.naver.com/main/products/6369658935,4.95,164.0,75.0,61.0
82879775681,마크제이콥스 향수 데이지 오드뚜왈렛 EDT,89900,1,100,여성,https://smartstore.naver.com/main/products/5335282864,4.75,194.0,69.0,49.0
80034970240,베르사체 향수 브라이트 크리스탈 오드뚜왈렛 EDT,68900,1,90,여성,https://smartstore.naver.com/main/products/2537226710,4.81,2481.0,68.0,51.0
87458449015,엔젤스쉐어  니치 코냑향수 시나몬향수 빈향수 샌달우드 바닐라 오크 섹시한향,19900,1,30,여성,https://smartstore.naver.com/main/products/9913946742,4.83,241.0,72.0,50.0
88546998587,포맨트코튼허그 시그니처 퍼퓸 블랙 남자 향수 비누향 포멘트,43000,1,50,남성,https://smartstore.naver.com/main/products/11002492491,4.6,5.0,60.0,60.0
83144152399,불가리 블루 뿌르옴므 오드뚜왈렛 EDT,148900,1,100,남성,https://smartstore.naver.com/main/products/5599656045,4.81,1855.0,70.0,55.0
89191944593,NEW 탬버린즈 퍼퓸 보타리  블랙,78000,1,11,공용,https://smartstore.naver.com/main/products/11647434127,4.93,29.0,80.0,59.0
82951042424,니치향수 유쏘풀 베리섹시  10대 20대여성향수,58000,1,50,여성,https://smartstore.naver.com/main/products/5406548744,4.85,1377.0,79.0,47.0
85636508362, 이솝 테싯 오 드 퍼퓸  향수 선물포장,97900,1,50,공용,https://smartstore.naver.com/main/products/8092008039,4.89,37.0,73.0,49.0
86932186166, 블루 드 샤넬 오드 빠르펭 퍼퓸 향수,135800,1,50,남성,https://smartstore.naver.com/main/products/9387685843,4.9,31.0,78.0,68.0
84473670328, 톰포드 네롤리 포르토피노 오 드 퍼퓸,259000,1,30,공용,https://smartstore.naver.com/main/products/6929170006,4.94,18.0,84.0,56.0
80993658959,지미추 향수 블라썸 오드퍼퓸 EDP,33800,1,40,여성,https://smartstore.naver.com/main/products/3449141863,4.71,1704.0,63.0,57.0
88459306950,밤쉘 퓨어 오일 퍼퓸 블렌디크,8400,1,1,공용,https://smartstore.naver.com/main/products/10914800915,4.91,46.0,79.0,74.0
88758994887, 샤넬 넘버5 NO5 오드빠르펭 여성향수,133900,1,35,여성,https://smartstore.naver.com/main/products/11214484556,4.89,44.0,82.0,64.0
88101362995,끌로에 향수세트 오드퍼퓸 EDP +바디로션 100ml,87900,1,50,여성,https://smartstore.naver.com/main/products/10556857512,4.83,120.0,81.0,55.0
83835515621, 딥디크 오데썽 오드뚜왈렛,124000,1,50,공용,https://smartstore.naver.com/main/products/6291013132,4.91,184.0,75.0,50.0
89070677010,바이레도 발다프리크 오 드 퍼퓸,151250,1,50,공용,https://smartstore.naver.com/main/products/11526166604,4.95,21.0,77.0,58.0
85078055385,마크제이콥스 레인 오드뚜왈렛,349000,1,100,공용,https://smartstore.naver.com/main/products/7533555063,4.88,60.0,85.0,47.0
85520514137, 이솝 휠 오 드 퍼퓸 향수  선물포장,97900,1,50,공용,https://smartstore.naver.com/main/products/7976013814,4.78,36.0,70.0,64.0
84691959499, 니치향수 블랑쉬 라튤립  세트,29700,3,30,여성,https://smartstore.naver.com/main/products/7147459177,4.86,3608.0,70.0,50.0
85976031525, SW19 미드나잇 오 드 퍼퓸 midnight  향수,67800,1,50,공용,https://smartstore.naver.com/main/products/8431531202,4.56,36.0,70.0,50.0
84483918625,롤리타렘피카 구형 오드퍼퓸 EDP,114900,1,100,여성,https://smartstore.naver.com/main/products/6939418303,4.61,364.0,70.0,55.0
83984585679, 메종마르지엘라 레플리카 재즈클럽 오 드 뚜왈렛,69000,1,30,공용,https://smartstore.naver.com/main/products/6440085346,4.94,48.0,90.0,69.0
80842862500,존바바토스 향수 아티산 블루 오드뚜왈렛 EDT,51500,1,125,남성,https://smartstore.naver.com/main/products/3328537885,4.81,398.0,70.0,52.0
84086970831,아카시아 향수 한테라 니치 오드 퍼퓸,15000,1,30,여성,https://smartstore.naver.com/main/products/6542470498,4.63,230.0,61.0,57.0
88102262613, 미스디올 오드퍼퓸 미니어처향수,13000,1,5,여성,https://smartstore.naver.com/main/products/10557757130,4.74,53.0,61.0,59.0
87293213055,인써티 오드퍼퓸 대용량 니치향수  오래가는 살냄새 비누 베이비파우더 과일 딥로즈,12900,1,100,여성,https://smartstore.naver.com/main/products/9748710782,4.75,288.0,66.0,56.0
89177597156,(국내백화점) 비비앙 월넛크릭그린 오드퍼퓸,85900,1,50,여성,https://smartstore.naver.com/main/products/11633086711,4.84,19.0,85.0,58.0
88284257784,안나수이 라비드보헴 EDT,35000,1,30,여성,https://smartstore.naver.com/main/products/10739751862,4.84,115.0,71.0,59.0
86303511816,끌로에 향수 노마드 오드퍼퓸 EDP,99500,1,75,여성,https://smartstore.naver.com/main/products/8759011483,4.82,134.0,77.0,65.0
87491909151, 로이비 오드퍼퓸 롤온 7. 3종 택1,27550,1,5,여성,https://smartstore.naver.com/main/products/9947406878,4.78,404.0,71.0,56.0
89244232646,디올자도르향수 디올자도르퍼퓸도 오드퍼퓸,169200,1,100,여성,https://smartstore.naver.com/main/products/11699722179,4.75,4.0,50.0,75.0
84052736593,몽블랑 향수 스타워커 맨 오드뚜왈렛 EDT,39400,1,75,남성,https://smartstore.naver.com/main/products/6508236260,4.88,496.0,73.0,52.0
87739229317, 샤넬 가브리엘 샤넬 에쌍스 오 드 빠르펭 / 선물포장,135900,1,35,여성,https://smartstore.naver.com/main/products/10194725856,4.63,8.0,63.0,75.0
89105427096,톰포드 블랙 오키드 우먼 오드퍼퓸,170800,1,100,여성,https://smartstore.naver.com/main/products/11560916690,5.0,6.0,50.0,50.0
84456860287, 톰포드 화이트 스웨이드 오드퍼퓸,249000,1,30,여성,https://smartstore.naver.com/main/products/6912359965,5.0,60.0,80.0,57.0
87469542235,존바바토스 향수 아티산 블랙 오드뚜왈렛 EDT,51500,1,125,남성,https://smartstore.naver.com/main/products/9925039962,4.83,118.0,69.0,53.0
10090393351,버버리 향수 위크앤드 포맨 오드뚜왈렛 EDT  남성향수,43500,1,100,남성,https://smartstore.naver.com/main/products/447327939,4.75,444.0,65.0,51.0
82924510372,떼시스 아카시아 오드퍼퓸,10000,1,30,여성,https://smartstore.naver.com/main/products/5380017253,4.59,462.0,54.0,56.0
81617213661,크리스찬디올 미스디올 블루밍 부케미니어처,17000,1,5,여성,https://smartstore.naver.com/main/products/4072693050,4.72,180.0,63.0,51.0
85335051770,조르지오아르마니 뷰티 아르마니 프리베 베르 말라키트 오드퍼퓸 EDP  손석구향수,539000,1,100,여성,https://smartstore.naver.com/main/products/7790551448,,,,
88367736460,버버리 브릿 쉬어 버버리 향수 EDT,34900,1,30,여성,https://smartstore.naver.com/main/products/10823230447,4.85,40.0,58.0,63.0
87898306305,프레데릭말 포트레이트 오브 어 레이디 오드퍼퓸,129900,1,10,여성,https://smartstore.naver.com/main/products/10353801832,4.67,15.0,54.0,60.0
81346412762,나르시소 로드리게즈 포힘 블루 느와르 오드뚜왈렛 EDT,77000,1,100,남성,https://smartstore.naver.com/main/products/3801894654,4.76,415.0,64.0,55.0
89129392501,제니퍼로페즈 향수 글로우바이제이로 EDT  백화점용 손예진향수 비누향,33000,1,50,여성,https://smartstore.naver.com/main/products/11584882095,4.67,6.0,67.0,50.0
87989766451,샤넬 알뤼르 옴므 스포츠 오 익스트림 향수  국내백화점 선물포장 당일발송,154900,1,50,남성,https://smartstore.naver.com/main/products/10445261322,4.89,101.0,82.0,66.0
84435599176,필로소피 향수 어메이징 그레이스 EDT,39000,1,60,여성,https://smartstore.naver.com/main/products/6891098854,4.78,427.0,67.0,56.0
82086212795,존바바토스 아티산 오드뚜왈렛 EDT,51500,1,125,남성,https://smartstore.naver.com/main/products/4541689487,4.79,4894.0,64.0,54.0
83836836788,랑방 향수 모던 프린세스 오드퍼퓸 EDP,39800,1,60,여성,https://smartstore.naver.com/main/products/6292334299,4.82,383.0,69.0,49.0
86576284861,랄프로렌 폴로 랄프 EDT,56000,1,30,남성,https://smartstore.naver.com/main/products/9031784538,5.0,1.0,100.0,100.0
84107728331,조르지오 아르마니 아쿠아 디 지오 옴므 오드뚜왈렛 EDT,97400,1,100,남성,https://smartstore.naver.com/main/products/6563227998,4.83,167.0,70.0,53.0
89243655540,디올 소바쥬 오 드 뚜왈렛,122800,1,100,남성,https://smartstore.naver.com/main/products/11699145073,5.0,9.0,56.0,67.0
86740161789,클린 향수 웜 코튼 EDP,37900,1,60,공용,https://smartstore.naver.com/main/products/9195661466,4.89,312.0,76.0,55.0
88259045322,블랑쉬 베이비파우더 비누향 향수 살냄새 승무원 시트러스 니치 향수 오드퍼퓸,25800,1,35,여성,https://smartstore.naver.com/main/products/10714539400,4.83,70.0,80.0,65.0
89045588115,딥디크 오르페옹 딥티크 향수  리미티드에디션,160000,1,30,공용,https://smartstore.naver.com/main/products/11501077750,5.0,5.0,80.0,40.0
89123197782,딥디크 오르페옹 EDP 오드 퍼퓸,158470,1,75,공용,https://smartstore.naver.com/main/products/11578687376,5.0,7.0,100.0,86.0
85686195669, 베르사체 에로스 맨 EDT,58500,1,100,남성,https://smartstore.naver.com/main/products/8141695346,4.87,160.0,79.0,62.0
83239489120,클린 리저브 블렌드 레인 오드퍼퓸 +향수공병 (정식매장),51900,1,50,공용,https://smartstore.naver.com/main/products/5694991162,4.95,240.0,75.0,50.0
80528191748,제니퍼로페즈 향수 글로우바이제이로 오드뚜왈렛 EDT,26900,1,30,여성,https://smartstore.naver.com/main/products/3030447642,4.74,6313.0,60.0,58.0
88123679917,불가리 옴니아 크리스탈린 오드뚜왈렛 EDT,156900,1,100,여성,https://smartstore.naver.com/main/products/10579174327,4.91,34.0,74.0,65.0
82654058223,구찌 향수 블룸 오드퍼퓸 EDP,138900,1,100,여성,https://smartstore.naver.com/main/products/5109536177,4.84,528.0,70.0,54.0
84734651228,에르메스 떼르 데르메스 오지브레 오드퍼퓸 EDP 12. (스프레이 타입),37000,1,5,남성,https://smartstore.naver.com/main/products/7190150906,4.8,54.0,58.0,52.0
87731218444,탬버린즈 에그 퍼퓸 레이트어텀,45800,1,14,공용,https://smartstore.naver.com/main/products/10186715033,4.88,223.0,82.0,45.0
83738333159, 이솝 테싯 오드퍼퓸,97000,1,50,공용,https://smartstore.naver.com/main/products/6193833582,4.86,320.0,75.0,51.0
82229804411,버버리 향수 클래식 런던 우먼 오드퍼퓸 EDP,52500,1,100,여성,https://smartstore.naver.com/main/products/4685283693,4.75,320.0,70.0,56.0
85225885025,파코라반 원밀리언 오드뚜왈렛 EDT,116400,1,100,남성,https://smartstore.naver.com/main/products/7681384703,4.91,127.0,81.0,63.0
83432362556,프리지아 오드코롱,137750,1,50,여성,https://smartstore.naver.com/main/products/5887863142,4.81,1289.0,68.0,53.0
87194714295,알파무드 여자가 좋아하는 남자향수 리치앤위스키,39800,1,50,남성,https://smartstore.naver.com/main/products/9650212025,4.61,4422.0,56.0,48.0
87925098321,디올 그리 디올 오드퍼퓸 7.,42000,1,5,여성,https://smartstore.naver.com/main/products/10380593600,4.81,94.0,70.0,55.0
88123642176,불가리 옴니아 아메시스트 오드뚜왈렛 EDT,152900,1,100,여성,https://smartstore.naver.com/main/products/10579136586,4.83,63.0,75.0,53.0
89363163216,포맨트코튼허그 포멘트 향수 비누향 퍼퓸 헬로키티 에디션  공용기 올리브영,42800,1,50,남성,https://smartstore.naver.com/main/products/11818652629,,,,
85722403691,메종 마르지엘라 재즈 클럽 EDT,38000,1,10,공용,https://smartstore.naver.com/main/products/8177903368,4.82,378.0,72.0,58.0
88365908749,겔로우 니치 미니향수 명품 수제 미니어처 휴대용 퍼퓸  부향률 최대,3500,1,5,여성,https://smartstore.naver.com/main/products/10821402759,4.92,994.0,87.0,83.0
83962915000,버츄얼띵스 니치향수 미니퍼퓸,2000,1,3,여성,https://smartstore.naver.com/main/products/6418414667,4.78,5149.0,55.0,54.0
88356370889, 르셀디세이 EDT,87210,1,50,여성,https://smartstore.naver.com/main/products/10811864899,4.69,16.0,75.0,50.0
85834310962, 수제 오스만투스 만리향 금목서향수 OSMANTHUS,58000,1,50,여성,https://smartstore.naver.com/main/products/8289810639,4.77,503.0,79.0,66.0
86373834786,몽블랑 향수 익스플로러 오드퍼퓸 EDP,72900,1,100,남성,https://smartstore.naver.com/main/products/8829334463,4.93,300.0,80.0,62.0
83385826143,에이로마향수  60종 아로마 향수 휴대용 명품향수 롤온퍼퓸 나만의향기,9900,1,10,공용,https://smartstore.naver.com/main/products/5841326729,4.71,49.0,54.0,56.0
80403366767, 모멘토 뿌르옴므 니치향수,53800,1,50,남성,https://smartstore.naver.com/main/products/2905622789,4.66,2406.0,60.0,57.0
83886486694,로제르 니치향수 블랑쉬 시향 테스트 미니 휴대용 미니어처 명품 수제  오드퍼퓸,2600,1,3,여성,https://smartstore.naver.com/main/products/6341984205,4.73,2089.0,52.0,52.0
86630219913, 아쿠아 디 지오 퍼퓸,145350,1,50,남성,https://smartstore.naver.com/main/products/9085719590,4.75,8.0,75.0,75.0
83913781166,아쿠아디파르마 향수 미르토 디 파나레아 EDT,73900,1,30,여성,https://smartstore.naver.com/main/products/6369280833,4.84,50.0,68.0,62.0
87512791167,겔랑 아쿠아 알레고리아 오 드 뚜왈렛 플로라블룸,160200,1,75,여성,https://smartstore.naver.com/main/products/9968288894,4.79,24.0,80.0,55.0
89374839513,다비도프 향수 쿨워터 맨 EDT,34800,1,125,남성,https://smartstore.naver.com/main/products/11830328926,5.0,3.0,100.0,100.0
87515316373,랄프로렌 향수 폴로 블루 EDT,73900,1,125,남성,https://smartstore.naver.com/main/products/9970814100,4.79,28.0,65.0,58.0
85684625153, 겐조 옴므(대나무) EDP,56500,1,110,남성,https://smartstore.naver.com/main/products/8140124830,4.69,49.0,70.0,56.0
89384044169, 에르메스 향수 운 자르뎅 수르닐 오드뚜왈렛 EDT,115000,1,100,여성,https://smartstore.naver.com/main/products/11839533575,5.0,1.0,100.0,100.0
84739880223,탬버린즈 퍼퓸 카모,42000,1,11,공용,https://smartstore.naver.com/main/products/7195379901,4.88,3577.0,70.0,53.0
89179689089,바이레도 모하비고스트 오 드 퍼퓸,195800,1,100,여성,https://smartstore.naver.com/main/products/11635178644,4.79,19.0,79.0,69.0
82345848376,아워블렌드 오드퍼퓸 디스커버리 키트 시향킷,3500,1,5,여성,https://smartstore.naver.com/main/products/4801325711,4.69,14079.0,51.0,58.0
87810155244,제니퍼로페즈 향수 스틸 오드퍼퓸 EDP,46800,1,100,여성,https://smartstore.naver.com/main/products/10265651459,4.88,208.0,80.0,55.0
89271897722,딥디크 오로즈 오드퍼퓸,155800,1,75,공용,https://smartstore.naver.com/main/products/11727387223,5.0,2.0,100.0,100.0
83858410130,더스크 니치향수 시향 테스트 미니 휴대용 수제 명품 오드퍼퓸,3500,1,5,여성,https://smartstore.naver.com/main/products/6313907641,4.74,1917.0,51.0,57.0
84739880165,탬버린즈 퍼퓸 버가샌달,42000,1,11,공용,https://smartstore.naver.com/main/products/7195379843,4.87,521.0,73.0,49.0
88527977754, NEW 디올 미스디올 블루밍 부케 오드 뚜왈렛  롤러 롤온,64900,1,20,여성,https://smartstore.naver.com/main/products/10983471701,5.0,13.0,85.0,77.0
83326149704,투베이스 키트 향기선생님 조향 향수 만들기 키트 체험 DIY (플라스틱용기),10000,1,60,공용,https://smartstore.naver.com/main/products/5781650290,4.86,111.0,62.0,60.0
11674116997, 키엘 오리지널 머스크 향수,69000,1,50,공용,https://smartstore.naver.com/main/products/2014347429,4.77,971.0,69.0,51.0
87831333308,엔비 싱크로율 99% 카피향수  미라벨 퍼퓸,13900,1,30,여성,https://smartstore.naver.com/main/products/10286829449,4.77,133.0,76.0,50.0
89123269825,톰포드 로스트체리 EDP 오드 퍼퓸,219450,1,50,여성,https://smartstore.naver.com/main/products/11578759419,5.0,7.0,100.0,100.0
88628034154,구찌 플로라 골저스 매그놀리아 오드퍼퓸  (미니어처),24800,1,5,여성,https://smartstore.naver.com/main/products/11083523832,4.88,8.0,63.0,63.0
89298882005,헤라 지일 오데 퍼퓸 향수,40500,1,40,여성,https://smartstore.naver.com/main/products/11754371418,4.89,9.0,56.0,56.0
86111058102, 메모 인레 오드퍼퓸 리필,58900,1,10,여성,https://smartstore.naver.com/main/products/8566557779,4.86,7.0,58.0,58.0
87294409774,플라워바이 겐조 향수 오드뚜왈렛 EDT,59000,1,100,여성,https://smartstore.naver.com/main/products/9749907501,4.73,139.0,68.0,54.0
86221796237,룩백 프리미엄 퍼퓸 미스트 밀레지움 임페리얼 미르토,69000,3,100,남성,https://smartstore.naver.com/main/products/8677295914,4.85,429.0,79.0,65.0
84593262798, 톰포드 네롤리 포르토피노 오 드 퍼퓸  아토마이저,89000,1,10,공용,https://smartstore.naver.com/main/products/7048762476,5.0,8.0,100.0,75.0
85521321215, 불리 이리드말트 목욕하는 여인 향수 재출시,157000,1,75,공용,https://smartstore.naver.com/main/products/7976820892,4.92,51.0,81.0,42.0
83183099258,에스티 로더 에어린 향수,171950,1,50,여성,https://smartstore.naver.com/main/products/5638602384,4.87,94.0,77.0,49.0
87906480031,프라다 향수 패러독스 오 드 퍼퓸  미니어처,28000,1,7,여성,https://smartstore.naver.com/main/products/10361975383,4.8,20.0,70.0,60.0
86734720001,마크제이콥향수데이지 마크제이콥스 데이지 오드뚜왈렛 EDT,48800,1,30,여성,https://smartstore.naver.com/main/products/9190219678,4.8,88.0,68.0,47.0
89392404948,헤라 지일 향수 오데 퍼퓸  신형,39900,1,40,여성,https://smartstore.naver.com/main/products/11847894354,5.0,11.0,64.0,64.0
89384570158, 랑방 향수 에끌라 드 아르페쥬 EDP 오드퍼퓸,47800,1,100,여성,https://smartstore.naver.com/main/products/11840059564,4.79,14.0,72.0,58.0
89153012230,샤넬 샹스 오 땅드르 오드 퍼퓸,162200,1,100,여성,https://smartstore.naver.com/main/products/11608501824,5.0,3.0,100.0,100.0
86446223396,데일리콤마 향수 (여성용),3000,1,30,여성,https://smartstore.naver.com/main/products/8901723073,4.76,1178.0,67.0,51.0
88170773324,더데이 포켓 니치향수 3+(랜덤) 승무원 살냄새 섬유 휴대용 향수 오드퍼퓸,20000,1,20,여성,https://smartstore.naver.com/main/products/10626267514,4.83,598.0,75.0,58.0
84653470170,나르시소 오 드 퍼퓸 크리스탈 (/50ml),84000,1,30,여성,https://smartstore.naver.com/main/products/7108969848,4.89,184.0,70.0,53.0
7671503109,다비도프 향수 쿨워터 맨 오드 뚜왈렛 EDT  남자향수,36000,1,125,남성,https://smartstore.naver.com/main/products/228611870,4.83,226.0,72.0,48.0
84315375864,랑방 향수 모던 프린세스 블루밍 오드뚜왈렛 EDT,40400,1,90,여성,https://smartstore.naver.com/main/products/6770875542,4.82,175.0,72.0,47.0
86646140283,크리스챤 디올 디올리비에라 오드퍼퓸,55000,1,10,여성,https://smartstore.naver.com/main/products/9101639960,4.83,48.0,69.0,59.0
86673864069,롤리타렘피카 EDP 르퍼퓸  롤리타렘피카 향수 구형 사과모양,68000,1,50,여성,https://smartstore.naver.com/main/products/9129363746,4.79,34.0,68.0,50.0
83171506591,롤리타렘피카 향수 오드퍼퓸 EDP,56500,1,100,여성,https://smartstore.naver.com/main/products/5627009790,4.79,1770.0,69.0,61.0
83085022949,아몬드 코코넛 오드퍼퓸  베이직 니치향수 비아퍼퓸,11900,1,30,여성,https://smartstore.naver.com/main/products/5540527258,4.76,139.0,65.0,48.0
82218462083,피오라 러브포이즌 남자 페로몬 향수 오드퍼퓸,38000,1,50,남성,https://smartstore.naver.com/main/products/4673941368,4.81,783.0,74.0,55.0
87529850254,다니엘트루스 오일퍼퓸 밤쉘,59000,1,10,공용,https://smartstore.naver.com/main/products/9985347981,4.9,4609.0,84.0,60.0
87881235878,(신세계 강남점)아이레 수틸레사 오 드 뚜왈렛,148010,1,50,여성,https://smartstore.naver.com/main/products/10336731651,4.93,15.0,60.0,47.0
82659208671,유쏘풀 니치향수 쥬뗌므  퍼퓸 사랑스러운향수 20대여성향수 여자친구선물,58000,1,50,여성,https://smartstore.naver.com/main/products/5114688349,4.91,419.0,79.0,52.0
11165270120,버버리 향수 터치 포 맨 오 드 뚜왈렛 EDT  남자향수,45000,1,100,남성,https://smartstore.naver.com/main/products/677335949,4.8,493.0,71.0,51.0
89371063538,포맨트 시그니처 퍼퓸 코튼메모리 헬로키티  + 공용기,43000,1,50,여성,https://smartstore.naver.com/main/products/11826552951,5.0,3.0,67.0,67.0
84116437221, 랑방 모던 프린세스 EDP,61750,1,60,여성,https://smartstore.naver.com/main/products/6571936888,4.88,1135.0,77.0,50.0
88073484201,베르사체 뿌르팜므 딜런 퍼플 EDP,117600,1,100,여성,https://smartstore.naver.com/main/products/10528978841,4.95,22.0,100.0,64.0
89179690917,바이레도 라튤립 오 드 퍼퓸,195800,1,100,여성,https://smartstore.naver.com/main/products/11635180472,4.63,24.0,75.0,46.0
86564807540,캘빈클라인 여자가 좋아하는 니치 여름 30대 올리브영 남자 향수 BE EDT,34560,1,50,남성,https://smartstore.naver.com/main/products/9020307217,4.25,8.0,63.0,50.0
82480566497,헤라 향수 지일 오데 퍼퓸,40500,1,40,여성,https://smartstore.naver.com/main/products/4936042265,4.79,644.0,68.0,52.0
89383593399, 아쿠아디파르마 향수 미르토 디 파나레아 EDT 오드뚜왈렛,164800,1,180,여성,https://smartstore.naver.com/main/products/11839082805,,,,
80775616088,데메테르 다양한향기 오드코롱   세트,44800,2,30,공용,https://smartstore.naver.com/main/products/3277876109,4.66,521.0,64.0,57.0
8349791838,랑방향수 에끌라 드 아르페쥬 우먼 오드퍼퓸 EDP,49000,1,100,여성,https://smartstore.naver.com/main/products/282305192,4.73,703.0,63.0,54.0
82302137250,우드세이지 앤 씨솔트 진퍼퓸 니치향수,19900,1,30,여성,https://smartstore.naver.com/main/products/4757615348,4.72,1134.0,68.0,54.0
83139633550,아르케인 블랑쉬 라튤립 니치향수 비누향 승무원 베이비파우더 명품 수제 퍼퓸,27000,2,30,여성,https://smartstore.naver.com/main/products/5595137229,4.72,443.0,60.0,51.0
89277289480,킬리안 러브 돈 비 샤이 오드 퍼퓸  최화정 향수,239360,1,50,여성,https://smartstore.naver.com/main/products/11732778981,,,,
83490423369,페라리 라이트 에센스 오드뚜왈렛 EDT,109900,1,125,공용,https://smartstore.naver.com/main/products/5945923881,4.82,96.0,69.0,61.0
88631976236,에르메스 운자르뎅 수르닐 오드뚜왈렛  수르닐 로션 증정,134900,1,100,여성,https://smartstore.naver.com/main/products/11087465914,4.81,16.0,88.0,50.0
88416405860,캘빈클라인 CK 에브리원 향수 EDT,44800,1,100,공용,https://smartstore.naver.com/main/products/10871899847,4.9,63.0,83.0,56.0
83264793584,오 드 뚜왈렛  (16종 택1),152100,1,50,공용,https://smartstore.naver.com/main/products/5720295008,4.78,110.0,74.0,56.0
80539741508,버버리 향수 클래식 런던 우먼 오드퍼퓸 EDP,64400,1,100,여성,https://smartstore.naver.com/main/products/3041997402,4.74,3277.0,65.0,51.0
88822155581,춘몽 비누향 살냄새 향수 도플 퍼퓸 라튤립,10900,1,10,공용,https://smartstore.naver.com/main/products/11277645250,4.79,7251.0,68.0,52.0
83431427779,베르사체 향수 브라이트 크리스탈 EDT  여자향수베스트 여성선물 3040대 명품,34000,1,30,여성,https://smartstore.naver.com/main/products/5886928365,4.82,496.0,68.0,51.0
86433930480, 르라보 어나더 13 오드퍼품  라벨링서비스,88000,1,15,여성,https://smartstore.naver.com/main/products/8889430157,4.84,32.0,82.0,69.0
88981152537, 오 드 퍼퓸 엠버바닐라,144750,1,100,여성,https://smartstore.naver.com/main/products/11436642172,4.81,58.0,75.0,50.0
89122560879, 어메이징 그레이스 발레로즈 오 드 퍼퓸,83880,1,60,여성,https://smartstore.naver.com/main/products/11578050473,4.9,20.0,70.0,70.0
84056419806,레인필드 향수 새벽공기향수,45200,1,30,남성,https://smartstore.naver.com/main/products/6511919473,4.67,30.0,67.0,54.0
83124240037,LMTQ 로맨띠끄 올리브영 프리미엄 니치 향수 퍼퓸  6종 컬렉션,29900,1,50,공용,https://smartstore.naver.com/main/products/5579743922,4.74,62.0,78.0,60.0
89122763087,다니엘 트루스 밤쉘 오일 퍼퓸  /gd,49390,1,10,공용,https://smartstore.naver.com/main/products/11578252681,4.75,93.0,75.0,52.0
83607313236,존바바토스 아티산 블랙 오드뚜왈렛 EDT  백화점용 올리브영,37900,1,75,남성,https://smartstore.naver.com/main/products/6062813748,4.73,373.0,61.0,53.0
84051887766, 미르토 디 파나레아 EDT  세트,121500,1,30,여성,https://smartstore.naver.com/main/products/6507387433,4.9,324.0,77.0,48.0
85337936728,메종 마르지엘라 레이지 선데이 모닝 EDT,97200,1,30,공용,https://smartstore.naver.com/main/products/7793436406,4.93,1068.0,76.0,55.0
10549116914,랑방 향수 에끌라드 아르페쥬 EDP  쇼핑몰 선물,29900,1,30,여성,https://smartstore.naver.com/main/products/536187065,4.77,270.0,59.0,58.0
85016944188, 이솝 휠 오 드 퍼퓸,97000,1,50,공용,https://smartstore.naver.com/main/products/7472443866,4.88,144.0,73.0,57.0
89371071644,포맨트 시그니처 퍼퓸 코튼허그 헬로키티  + 공용기,34500,1,50,남성,https://smartstore.naver.com/main/products/11826561057,5.0,8.0,63.0,63.0
85562620158,페라가모 향수 인칸토 참 오드뚜왈렛 EDT,33900,1,100,여성,https://smartstore.naver.com/main/products/8018119755,4.81,241.0,69.0,45.0
80655361053,베르사체 향수 오프레쉬맨 오드뚜왈렛 EDT,33000,1,30,남성,https://smartstore.naver.com/main/products/3157616723,4.85,784.0,68.0,56.0
81928206580,존바바토스 향수 아티산 EDT,36900,1,75,남성,https://smartstore.naver.com/main/products/4383684401,4.72,544.0,63.0,62.0
82834387095, 구딸 쁘띠 쉐리 EDP,280000,1,100,여성,https://smartstore.naver.com/main/products/5289894945,4.86,636.0,81.0,50.0
82227712939,버버리 터치 포맨 오드뚜왈렛 EDT,44900,1,100,남성,https://smartstore.naver.com/main/products/4683192221,4.82,116.0,63.0,53.0
82408896757,서브마리노 상탈33 니치향수  오드퍼퓸,10000,1,30,공용,https://smartstore.naver.com/main/products/4864373302,4.67,1698.0,55.0,53.0
89379299333, 조말론 향수 우드세이지 앤 씨솔트 코롱,79800,1,30,여성,https://smartstore.naver.com/main/products/11834788739,5.0,3.0,100.0,67.0
85601324540,에르메스 트윌리 데르메스 오 진저 오드퍼퓸 EDP,137900,1,85,여성,https://smartstore.naver.com/main/products/8056824217,4.72,18.0,78.0,67.0
89220661805,(퍼퓸증정/리본포장) 탬버린즈 퍼퓸 오일 보타리,43500,1,6,공용,https://smartstore.naver.com/main/products/11676151338,4.89,36.0,62.0,70.0
83440736813,헉슬리 퍼퓸 블루 메디나 탠저린,43200,1,15,공용,https://smartstore.naver.com/main/products/5896237399,4.79,828.0,73.0,51.0
86869134087, 조르지오 아르마니 뷰티 프리베 베르 말라키트  손석구 향수,477000,1,100,공용,https://smartstore.naver.com/main/products/9324633764,5.0,4.0,100.0,100.0
82159383716,아프리모 더바디 남성 향수,48000,1,50,남성,https://smartstore.naver.com/main/products/4614863421,4.73,1917.0,61.0,51.0
89190946443,루체살리 우먼 오드퍼퓸 남녀공용 중성 비누냄새 여자향수 프리미엄 니치향수 비누향,52000,1,50,여성,https://smartstore.naver.com/main/products/11646435977,5.0,5.0,100.0,60.0
89123233316,딥디크 롬브로단로 EDP 오드 퍼퓸,158470,1,75,공용,https://smartstore.naver.com/main/products/11578722910,5.0,9.0,100.0,89.0
89153022406,샤넬 가브리엘 에쌍스 우먼 오드퍼퓸,131200,1,100,여성,https://smartstore.naver.com/main/products/11608512000,3.0,1.0,100.0,100.0
86794772922,비비앙 에끌로에 오 드 퍼퓸 EDP,41900,1,10,여성,https://smartstore.naver.com/main/products/9250272599,4.9,10.0,60.0,90.0
80130006949,버버리 위크앤드 포맨 오드뚜왈렛 EDT,43700,1,100,남성,https://smartstore.naver.com/main/products/2632263373,4.74,1916.0,63.0,56.0
82924470358,떼시스 화이트 솝 도브향 오드퍼퓸,10000,1,30,여성,https://smartstore.naver.com/main/products/5379977239,4.62,139.0,58.0,57.0
89123259032,딥디크 오데썽 EDT 오드 뚜왈렛,148400,1,100,공용,https://smartstore.naver.com/main/products/11578748626,5.0,7.0,100.0,100.0
88124143649,랑방 향수 모던 프린세스 오 센슈얼 오드뚜왈렛 EDT,96900,1,90,여성,https://smartstore.naver.com/main/products/10579638059,5.0,8.0,75.0,75.0
83932306175,레인 니치 여자 남자 향수 퍼퓸 섬유 올인원,22000,1,50,공용,https://smartstore.naver.com/main/products/6387805842,4.86,987.0,78.0,49.0
80693495776,제니퍼로페즈 향수 글로우바이제이로 오드뚜왈렛 EDT  백화점본품,26500,1,30,여성,https://smartstore.naver.com/main/products/3195751327,4.61,109.0,61.0,65.0
86332589201,부쉐론 향수 콰트로 포 우먼 EDP,54000,1,100,여성,https://smartstore.naver.com/main/products/8788088877,4.84,149.0,74.0,51.0
87041096549,페라가모 향수 인칸토 샤인 오드뚜왈렛 EDT,39900,1,100,여성,https://smartstore.naver.com/main/products/9496596226,4.92,157.0,82.0,51.0
82471068860,더벨루스 니치향수  미니향수,1000,1,2,여성,https://smartstore.naver.com/main/products/4926544946,4.69,1673.0,54.0,59.0
87784227303,호텔도슨 오드퍼퓸  (5종 택1),43000,1,20,여성,https://smartstore.naver.com/main/products/10239723713,4.89,162.0,88.0,57.0
86937015463,샤넬 샹스 오 후레쉬 오드퍼퓸 1.,7500,1,5,여성,https://smartstore.naver.com/main/products/9392515140,4.71,82.0,50.0,54.0
88608064206,랑콤 이돌 르 퍼퓸 EDP  미니어처향수,15000,1,5,여성,https://smartstore.naver.com/main/products/11063557994,4.67,12.0,59.0,50.0
86683479054,겐조 옴므 마린 EDT,22020,1,60,남성,https://smartstore.naver.com/main/products/9138978731,5.0,12.0,92.0,50.0
84107299556, 랑방 에끌라 드 아르페쥬 EDP,40200,1,30,여성,https://smartstore.naver.com/main/products/6562799223,4.83,1869.0,73.0,52.0
85585979068,"밤쉘 퍼퓸 , 밤쉘",22700,2,30,공용,https://smartstore.naver.com/main/products/8041478745,4.78,598.0,70.0,53.0
85780572013, 딥디크 향수 로 파피에 오드뚜왈렛,118000,1,50,공용,https://smartstore.naver.com/main/products/8236071690,4.88,16.0,63.0,57.0
82769670452,떼시스 모하비 고스트 명품 수제 재현 니치향수 오드퍼퓸,10000,1,30,여성,https://smartstore.naver.com/main/products/5225148215,4.62,257.0,53.0,53.0
12073886633,더허브스토리 아로마 향수 물망초(),5900,1,15,여성,https://smartstore.naver.com/main/products/386805626,4.59,373.0,56.0,54.0
87527528111, 딥디크 오드퍼퓸 오로즈,189000,1,75,공용,https://smartstore.naver.com/main/products/9983025837,5.0,5.0,60.0,60.0
89191954454,(기프트 단독증정)탬버린즈 NEW 퍼퓸 보타리,178000,1,50,공용,https://smartstore.naver.com/main/products/11647443988,4.98,60.0,89.0,87.0
89292926656,톰포드 쏠레이 네쥐 오 드 퍼퓸  국내배송,258540,1,50,여성,https://smartstore.naver.com/main/products/11748416137,5.0,1.0,100.0,100.0
7756448007, 에네스티 러버스 1998 향수 8종 베이비파우더향 휴대용 미니 포켓,14900,2,30,공용,https://smartstore.naver.com/main/products/234071000,4.73,672.0,62.0,55.0
84391680969,페라리 블랙 오드뚜왈렛 EDT,50500,1,125,남성,https://smartstore.naver.com/main/products/6847180647,4.82,1147.0,68.0,49.0
88929371327, 샤넬 1957 레 젝스클루시프 드 샤넬 오드 빠르펭  향수,265000,1,35,여성,https://smartstore.naver.com/main/products/11384860962,4.92,13.0,85.0,62.0
86272108348, 샤넬 알뤼르 옴므 스포츠 오 드 뚜왈렛,119000,1,50,남성,https://smartstore.naver.com/main/products/8727608025,5.0,17.0,95.0,89.0
89179693458,바이레도 블랑쉬 오 드 퍼퓸,195800,1,100,여성,https://smartstore.naver.com/main/products/11635183013,4.8,41.0,71.0,49.0
88642439381, 라페르  프리미엄 니치향수 지속력 좋은 니치퍼퓸 향수,24000,2,30,공용,https://smartstore.naver.com/main/products/11097929059,4.86,36.0,73.0,53.0
87527669811,춘몽 비누향 살냄새 향수 도플 퍼퓸 블랙베리 앤 베이,10900,1,10,공용,https://smartstore.naver.com/main/products/9983167538,4.79,7251.0,68.0,52.0
